{
    "modes": [
        {
            "index": 0,
            "strictly local log-evidence": -182.6267896473536,
            "strictly local log-evidence error": 0.17369294978945313,
            "local log-evidence": -182.6267896473536,
            "local log-evidence error": 0.17369294978945313,
            "mean": [
                0.3569751229556526,
                1.8802977508009409,
                0.31108977049684583
            ],
            "sigma": [
                0.002205535259783787,
                0.11606894878535039,
                0.15665116834086362
            ],
            "maximum": [
                0.35701956459148254,
                2.002780133759558,
                0.17464928882024272
            ],
            "maximum a posterior": [
                0.35701956459148254,
                2.002780133759558,
                0.17464928882024272
            ]
        }
    ],
    "nested sampling global log-evidence": -182.58593991681553,
    "nested sampling global log-evidence error": 0.15653652929692627,
    "global evidence": -182.6267896473536,
    "global evidence error": 0.17369294978945313,
    "nested importance sampling global log-evidence": -182.6267896473536,
    "nested importance sampling global log-evidence error": 0.17369294978945313,
    "marginals": [
        {
            "median": 0.35691941015477974,
            "sigma": 0.002358842731667865,
            "1sigma": [
                0.3547249555857741,
                0.35944264104910983
            ],
            "2sigma": [
                0.3529673190329759,
                0.36102350921316684
            ],
            "3sigma": [
                0.35088109805801687,
                0.3630153453523549
            ],
            "5sigma": [
                0.34735160441010404,
                0.3668860892868238
            ],
            "q75%": 0.35883443987221375,
            "q25%": 0.35521530744458396,
            "q99%": 0.3617427837815359,
            "q01%": 0.3523535638471282,
            "q90%": 0.3598938054233251,
            "q10%": 0.35422734865539485
        },
        {
            "median": 1.8869181474866281,
            "sigma": 0.13614158476129867,
            "1sigma": [
                1.739765997142278,
                2.0120491666648754
            ],
            "2sigma": [
                1.663929229876043,
                2.063869529951895
            ],
            "3sigma": [
                1.6510991785147742,
                2.0880008275070314
            ],
            "5sigma": [
                1.6465780801361656,
                2.092570717360652
            ],
            "q75%": 1.9741909538013782,
            "q25%": 1.7941530073515202,
            "q99%": 2.0757797239164346,
            "q01%": 1.6574040162452757,
            "q90%": 2.033620272760125,
            "q10%": 1.703291943851895
        },
        {
            "median": 0.29422515053478926,
            "sigma": 0.17739325218028684,
            "1sigma": [
                0.14119555695951289,
                0.49598206132008654
            ],
            "2sigma": [
                0.07673723295114517,
                0.6255336107919859
            ],
            "3sigma": [
                0.05217055629144409,
                0.6485175026374908
            ],
            "5sigma": [
                0.05006325589807042,
                0.6496973313935465
            ],
            "q75%": 0.41455986477176876,
            "q25%": 0.1801009273282046,
            "q99%": 0.6394090906331917,
            "q01%": 0.06287562847158548,
            "q90%": 0.5581436254307053,
            "q10%": 0.11430638560932298
        }
    ]
}