{
    "modes": [
        {
            "index": 0,
            "strictly local log-evidence": -183.2044814815664,
            "strictly local log-evidence error": 0.2323643444000668,
            "local log-evidence": -183.2044814815664,
            "local log-evidence error": 0.2323643444000668,
            "mean": [
                0.35705636508529476,
                2.1493135736539086
            ],
            "sigma": [
                0.001876757706602974,
                0.024202683839850685
            ],
            "maximum": [
                0.35699895943097093,
                2.170543954633219
            ],
            "maximum a posterior": [
                0.3547819210103279,
                2.1222348502070405
            ]
        }
    ],
    "nested sampling global log-evidence": -183.67563431956822,
    "nested sampling global log-evidence error": 0.16647828351244137,
    "global evidence": -183.2044814815664,
    "global evidence error": 0.2323643444000668,
    "nested importance sampling global log-evidence": -183.2044814815664,
    "nested importance sampling global log-evidence error": 0.2323643444000668,
    "marginals": [
        {
            "median": 0.3570994933600356,
            "sigma": 0.0018942512377350118,
            "1sigma": [
                0.3551043462523138,
                0.3588928487277838
            ],
            "2sigma": [
                0.35337654507367877,
                0.36071940903599803
            ],
            "3sigma": [
                0.3517096165497392,
                0.362604236850056
            ],
            "5sigma": [
                0.3478987399157093,
                0.366873996880178
            ],
            "q75%": 0.3582903676817024,
            "q25%": 0.35581012175204174,
            "q99%": 0.36140761685428596,
            "q01%": 0.3527034848291629,
            "q90%": 0.35942990844403677,
            "q10%": 0.35461513076545054
        },
        {
            "median": 2.16805310678618,
            "sigma": 0.025381734713378012,
            "1sigma": [
                2.1211531834537163,
                2.1719166528804723
            ],
            "2sigma": [
                2.11799582085016,
                2.1740192111361343
            ],
            "3sigma": [
                2.1152068390960523,
                2.1766550384271253
            ],
            "5sigma": [
                2.1105176713073988,
                2.180858537014215
            ],
            "q75%": 2.1710359478946826,
            "q25%": 2.122540937566135,
            "q99%": 2.175031508960619,
            "q01%": 2.117181197059333,
            "q90%": 2.1726822534089263,
            "q10%": 2.1201254850489835
        }
    ]
}